ID,Target_Form_ID,Source_Form_ID
0,6,914
1,10,915
2,22,916
3,36,917
4,67,918
5,78,919
6,92,920
7,93,921
8,94,922
9,95,923
10,106,924
11,108,925
12,132,926
13,134,927
14,135,928
15,144,929
16,148,930
17,157,931
18,162,932
19,164,933
20,168,934
21,173,935
22,193,936
23,203,937
24,207,938
25,211,939
26,217,940
27,228,941
28,236,942
29,243,943
30,263,944
31,280,945
32,282,946
33,284,947
34,288,948
35,294,949
36,308,950
37,309,951
38,311,952
39,318,953
40,342,954
41,345,955
42,348,956
43,349,957
44,352,958
45,372,959
46,373,960
47,379,961
48,389,962
49,401,963
50,403,964
51,406,965
52,408,966
53,409,967
54,424,968
55,428,969
56,430,970
57,431,971
58,434,972
59,449,973
60,461,974
61,462,975
62,465,976
63,469,977
64,476,978
65,483,979
66,487,980
67,521,981
68,526,982
69,531,983
70,540,984
71,543,985
72,558,986
73,562,987
74,574,988
75,587,989
76,588,990
77,594,991
78,616,992
79,623,993
80,624,994
81,625,995
82,640,996
83,679,997
84,680,998
85,682,999
86,683,1000
87,685,1001
88,690,1002
89,693,1003
90,698,1004
91,699,1005
92,701,1006
93,731,1007
94,732,1008
95,736,1009
96,737,1010
97,738,1011
98,741,1012
99,746,1013
100,751,1014
101,754,1015
102,757,1016
103,758,1017
104,771,1018
105,792,1019
106,803,1020
107,810,1021
108,852,1022
109,857,1023
110,861,1024
111,862,1025
112,867,1026
113,868,1027
114,884,1028
115,889,1029
116,890,1030
117,891,1031
118,903,1032